,Survived,Pclass,SibSp,Parch,Embarked_C,Embarked_Q,Embarked_S,Sex_female,Sex_male,Age,Fare
0,1,1,0,2,0,0,1,0,1,1.3862943611198906,4.394449154672439
1,1,1,0,0,1,0,0,1,0,3.1780538303479458,4.418840607796598
2,1,1,0,0,1,0,0,1,0,3.4011973816621555,4.02535169073515
3,1,1,1,0,1,0,0,1,0,2.833213344056216,4.68213122712422
4,1,1,0,0,1,0,0,1,0,3.4965075614664802,4.700480365792417
5,1,1,1,2,0,0,1,0,1,0.0,5.017279836814924
6,1,1,0,0,1,0,0,1,0,3.1780538303479458,3.8918202981106265
7,0,1,0,0,0,0,1,0,1,3.8918202981106265,3.258096538021482
8,1,1,2,2,1,0,0,1,0,2.8903717578961645,5.568344503761097
9,1,1,1,0,0,0,1,0,1,3.871201010907891,3.9512437185814275
10,1,1,0,0,0,0,1,0,1,3.9318256327243257,3.4011973816621555
11,0,1,1,2,0,0,1,1,0,0.6931471805599453,5.017279836814924
12,0,1,0,0,1,0,0,0,1,3.6635616461296463,3.295836866004329
13,1,1,0,0,1,0,0,1,0,3.6375861597263857,5.424950017481403
14,1,1,1,0,1,0,0,1,0,2.9444389791664403,4.51085950651685
15,1,1,0,0,0,0,1,1,0,3.258096538021482,4.356708826689592
16,1,1,2,0,0,0,1,1,0,3.970291913552122,3.9318256327243257
17,1,1,0,1,1,0,0,1,0,3.912023005428146,5.5093883366279774
18,0,1,0,0,0,0,1,0,1,3.8066624897703196,3.258096538021482
19,1,1,0,0,0,0,1,1,0,3.091042453358316,5.017279836814924
20,1,1,1,1,1,0,0,1,0,3.6888794541139363,4.897839799950911
21,1,1,0,1,0,0,1,1,0,3.091042453358316,4.007333185232471
22,0,1,0,0,0,0,1,0,1,4.0943445622221,3.258096538021482
23,0,1,0,0,0,0,1,0,1,3.828641396489095,3.5553480614894135
24,0,1,1,1,1,0,0,0,1,3.8918202981106265,4.700480365792417
25,1,1,3,2,0,0,1,1,0,3.1780538303479458,5.572154032177765
26,0,1,0,0,0,0,1,0,1,3.8066624897703196,3.5553480614894135
27,1,1,0,0,1,0,0,1,0,3.713572066704308,4.897839799950911
28,1,1,0,2,0,0,1,1,0,3.4339872044851463,5.099866427824199
29,0,1,1,0,0,0,1,0,1,3.367295829986474,4.189654742026425
30,1,1,1,0,0,0,1,1,0,3.58351893845611,4.890349128221754
31,1,1,0,0,0,0,1,0,1,3.5553480614894135,3.258096538021482
32,0,1,0,1,0,0,1,0,1,3.6375861597263857,5.030437921392435
33,0,1,0,0,0,0,1,0,1,3.8066624897703196,3.332204510175204
34,1,1,0,1,1,0,0,1,0,2.772588722239781,4.04305126783455
35,1,1,0,0,1,0,0,1,0,3.58351893845611,4.90527477843843
36,1,1,0,0,0,0,1,0,1,3.7376696182833684,3.258096538021482
37,1,1,1,0,1,0,0,1,0,2.8903717578961645,5.424950017481403
38,1,1,1,0,0,0,1,0,1,3.295836866004329,3.970291913552122
39,1,1,1,0,0,0,1,1,0,4.143134726391533,4.343805421853684
40,0,1,0,1,1,0,0,0,1,3.6109179126442243,3.367295829986474
41,1,1,1,0,1,0,0,1,0,3.4339872044851463,4.727387818712341
42,1,1,0,0,1,0,0,0,1,3.6888794541139363,3.4339872044851463
43,1,1,0,0,0,0,1,1,0,3.4965075614664802,4.454347296253507
44,1,1,1,2,0,0,1,1,0,3.58351893845611,4.787491742782046
45,1,1,1,0,0,0,1,1,0,3.9318256327243257,4.343805421853684
46,0,1,0,0,1,0,0,0,1,3.828641396489095,3.6635616461296463
47,1,1,0,0,1,0,0,1,0,4.060443010546419,4.983606621708336
48,1,1,0,0,1,0,0,1,0,3.4657359027997265,4.330733340286331
49,1,1,0,0,1,0,0,1,0,3.784189633918261,3.295836866004329
50,0,1,0,0,0,0,1,0,1,3.6888794541139363,3.912023005428146
51,0,1,0,0,1,0,0,1,0,3.912023005428146,3.332204510175204
52,1,1,0,1,0,0,1,1,0,3.7612001156935624,5.351858133476067
53,0,1,0,0,1,0,0,0,1,4.02535169073515,3.4011973816621555
54,1,1,1,0,0,0,1,1,0,2.833213344056216,4.04305126783455
55,0,1,0,0,0,0,1,0,1,3.367295829986474,3.4011973816621555
56,0,1,0,0,0,0,1,0,1,4.110873864173311,3.4965075614664802
57,1,1,0,0,0,0,1,0,1,3.8066624897703196,3.258096538021482
58,1,1,1,0,0,0,1,0,1,3.6375861597263857,4.499809670330265
59,0,1,1,0,0,0,1,0,1,2.9444389791664403,3.970291913552122
60,1,1,1,0,0,0,1,1,0,3.5553480614894135,4.418840607796598
61,0,1,0,0,0,0,1,0,1,3.9318256327243257,3.4339872044851463
62,1,1,0,0,0,0,1,1,0,3.5553480614894135,4.90527477843843
63,1,1,0,1,0,0,1,1,0,4.060443010546419,5.030437921392435
64,1,1,0,0,0,0,1,1,0,3.367295829986474,5.351858133476067
65,0,1,0,0,0,0,1,0,1,3.6888794541139363,0.0
66,0,1,1,1,0,0,1,0,1,3.9512437185814275,4.3694478524670215
67,1,1,0,0,1,0,0,1,0,3.5553480614894135,6.238324625039508
68,1,1,0,0,0,0,1,1,0,3.4011973816621555,4.454347296253507
69,1,1,0,0,1,0,0,1,0,3.4011973816621555,4.3694478524670215
70,1,1,0,0,1,0,0,0,1,3.5553480614894135,6.238324625039508
71,0,1,0,0,0,0,1,0,1,4.127134385045092,3.258096538021482
72,1,1,1,1,0,0,1,0,1,3.6109179126442243,3.9512437185814275
73,1,1,0,0,0,0,1,0,1,3.912023005428146,3.4011973816621555
74,0,1,2,0,0,1,0,0,1,3.784189633918261,4.499809670330265
75,0,1,1,0,0,0,1,0,1,3.58351893845611,4.356708826689592
76,1,1,2,2,1,0,0,1,0,3.044522437723423,5.568344503761097
77,0,1,1,1,0,0,1,0,1,4.248495242049359,4.2626798770413155
78,1,1,1,0,0,0,1,0,1,3.4339872044851463,4.04305126783455
79,1,1,0,1,0,0,1,1,0,2.70805020110221,5.351858133476067
80,1,1,1,0,1,0,0,1,0,4.0943445622221,4.31748811353631
81,1,1,0,0,1,0,0,1,0,3.1780538303479458,4.23410650459726
82,0,1,0,0,0,0,1,0,1,3.8501476017100584,3.5263605246161616
83,0,1,0,0,0,0,1,0,1,3.713572066704308,3.7376696182833684
84,1,1,1,0,1,0,0,1,0,3.9889840465642745,4.07753744390572
85,1,1,0,0,0,0,1,0,1,3.58351893845611,3.258096538021482
86,1,1,0,0,1,0,0,0,1,3.5553480614894135,3.258096538021482
87,1,1,0,0,0,0,1,0,1,3.8918202981106265,3.258096538021482
88,0,1,1,0,1,0,0,0,1,2.8903717578961645,4.68213122712422
89,1,1,0,0,0,0,1,1,0,3.4011973816621555,4.532599493153256
90,1,1,0,0,0,0,1,1,0,2.772588722239781,4.454347296253507
91,1,1,0,0,0,0,1,1,0,3.6888794541139363,5.030437921392435
92,0,1,1,2,0,0,1,1,0,3.2188758248682006,5.017279836814924
93,1,1,1,0,1,0,0,1,0,3.9889840465642745,4.356708826689592
94,0,1,0,0,1,0,0,0,1,4.2626798770413155,3.8918202981106265
95,0,1,0,0,0,0,1,0,1,4.007333185232471,3.4011973816621555
96,0,1,0,0,1,0,0,0,1,4.060443010546419,3.367295829986474
97,1,1,1,0,0,0,1,1,0,3.5553480614894135,4.499809670330265
98,1,1,0,0,0,0,1,0,1,3.295836866004329,3.4011973816621555
99,1,1,1,0,1,0,0,0,1,3.8918202981106265,4.02535169073515
100,1,1,0,1,1,0,0,1,0,3.784189633918261,4.04305126783455
101,0,1,0,0,0,0,1,0,1,3.6109179126442243,5.3981627015177525
102,1,1,1,0,0,0,1,1,0,3.6635616461296463,4.007333185232471
103,1,1,1,1,1,0,0,1,0,3.6635616461296463,4.700480365792417
104,0,1,0,0,1,0,0,0,1,3.58351893845611,3.6888794541139363
105,1,1,1,1,0,0,1,1,0,3.6635616461296463,4.3694478524670215
106,0,1,0,0,1,0,0,0,1,3.6375861597263857,5.424950017481403
107,1,1,1,0,1,0,0,1,0,3.871201010907891,3.6635616461296463
108,0,1,0,0,0,0,1,0,1,4.127134385045092,3.258096538021482
109,1,1,0,2,0,0,1,1,0,2.8903717578961645,4.3694478524670215
110,1,1,0,2,1,0,0,0,1,2.833213344056216,4.700480365792417
111,1,1,1,1,1,0,0,0,1,4.0943445622221,4.3694478524670215
112,0,1,0,0,0,0,1,0,1,4.1588830833596715,3.258096538021482
113,0,1,1,0,1,0,0,0,1,3.912023005428146,4.663439094112067
114,1,1,0,2,0,0,1,1,0,3.58351893845611,4.2626798770413155
115,1,1,0,2,1,0,0,1,0,3.091042453358316,3.8918202981106265
116,1,1,0,0,1,0,0,1,0,3.4011973816621555,4.663439094112067
117,0,1,0,0,0,0,1,0,1,3.8066624897703196,3.258096538021482
118,1,1,1,0,1,0,0,1,0,3.9512437185814275,4.356708826689592
119,1,1,1,0,1,0,0,0,1,3.2188758248682006,4.51085950651685
120,0,1,0,0,0,0,1,0,1,3.8066624897703196,3.2188758248682006
121,1,1,1,0,0,0,1,0,1,3.7376696182833684,3.9512437185814275
122,0,1,0,0,0,0,1,0,1,3.6888794541139363,3.9512437185814275
123,1,1,1,0,0,1,0,1,0,3.4965075614664802,4.499809670330265
124,0,1,0,2,1,0,0,0,1,4.060443010546419,4.727387818712341
125,1,1,2,0,0,0,1,0,1,3.912023005428146,4.890349128221754
126,0,1,0,0,0,0,1,0,1,3.8501476017100584,3.2188758248682006
127,1,1,1,0,1,0,0,1,0,3.1354942159291497,4.727387818712341
128,1,1,1,0,0,0,1,1,0,3.58351893845611,3.9512437185814275
129,1,1,1,2,0,0,1,0,1,3.58351893845611,4.787491742782046
130,1,1,0,0,1,0,0,0,1,4.02535169073515,3.5553480614894135
131,0,1,1,0,0,0,1,0,1,3.4339872044851463,3.9512437185814275
132,1,1,0,0,1,0,0,1,0,3.7376696182833684,5.424950017481403
133,0,1,0,2,1,0,0,0,1,3.295836866004329,5.351858133476067
134,1,1,1,0,1,0,0,1,0,3.6888794541139363,4.406719247264253
135,1,1,0,1,1,0,0,0,1,3.58351893845611,6.238324625039508
136,0,1,0,0,1,0,0,0,1,3.091042453358316,4.90527477843843
137,1,1,0,0,1,0,0,0,1,3.295836866004329,4.330733340286331
138,1,1,1,0,1,0,0,0,1,3.2188758248682006,4.007333185232471
139,1,1,1,0,0,0,1,1,0,3.5553480614894135,3.9512437185814275
140,1,1,1,0,1,0,0,0,1,3.871201010907891,4.330733340286331
141,1,1,0,0,0,0,1,0,1,3.332204510175204,3.258096538021482
142,0,1,1,0,0,0,1,0,1,3.912023005428146,4.007333185232471
143,1,1,0,0,0,0,1,1,0,3.044522437723423,4.343805421853684
144,1,1,0,0,0,0,1,0,1,4.382026634673881,3.4011973816621555
145,0,1,0,0,0,0,1,0,1,4.02535169073515,3.258096538021482
146,1,1,0,0,1,0,0,0,1,3.4657359027997265,3.4011973816621555
147,0,1,0,0,0,0,1,0,1,3.8501476017100584,3.6375861597263857
148,0,1,0,0,0,0,1,0,1,3.7612001156935624,0.0
149,1,1,0,0,0,0,1,0,1,3.871201010907891,3.258096538021482
150,1,1,1,0,0,0,1,1,0,3.58351893845611,3.9318256327243257
151,0,1,0,0,0,0,1,0,1,4.174387269895637,3.258096538021482
152,1,1,1,0,1,0,0,0,1,3.8918202981106265,4.48863636973214
153,0,1,0,0,1,0,0,0,1,3.4011973816621555,3.295836866004329
154,1,1,0,0,0,0,1,0,1,3.9512437185814275,3.4011973816621555
155,1,1,0,0,0,0,1,0,1,3.5263605246161616,3.258096538021482
156,1,1,0,0,1,0,0,0,1,3.258096538021482,3.4011973816621555
157,1,1,0,0,1,0,0,1,0,3.1780538303479458,4.23410650459726
158,0,1,1,4,0,0,1,0,1,4.1588830833596715,5.572154032177765
159,1,1,1,2,0,0,1,1,0,2.6390573296152584,4.787491742782046
160,0,1,0,0,0,0,1,0,1,4.110873864173311,3.4657359027997265
161,1,1,0,1,0,0,1,1,0,3.367295829986474,4.007333185232471
162,1,1,0,0,0,0,1,0,1,3.58351893845611,3.258096538021482
163,0,1,0,0,0,0,1,0,1,3.6375861597263857,0.0
164,1,1,0,1,1,0,0,0,1,3.1354942159291497,4.143134726391533
165,1,1,0,0,0,0,1,1,0,3.871201010907891,3.2188758248682006
166,1,1,0,2,0,0,1,1,0,2.9444389791664403,3.258096538021482
167,0,1,0,0,1,0,0,0,1,4.2626798770413155,3.5263605246161616
168,0,1,0,0,1,0,0,0,1,3.6635616461296463,3.295836866004329
169,1,1,1,1,0,0,1,1,0,3.8501476017100584,3.9512437185814275
170,1,1,0,0,0,0,0,1,0,4.127134385045092,4.382026634673881
171,0,1,0,0,1,0,0,0,1,3.6888794541139363,3.295836866004329
172,0,1,1,0,0,0,1,0,1,3.828641396489095,4.110873864173311
173,1,1,0,0,0,0,1,1,0,4.060443010546419,3.258096538021482
174,1,1,1,0,1,0,0,1,0,3.6375861597263857,4.983606621708336
175,1,1,3,2,0,0,1,1,0,3.1354942159291497,5.572154032177765
176,0,1,0,1,0,0,1,0,1,3.9889840465642745,4.343805421853684
177,0,1,0,1,1,0,0,0,1,3.1780538303479458,5.5093883366279774
178,1,1,1,1,1,0,0,1,0,3.6635616461296463,4.418840607796598
179,1,1,1,0,0,0,1,1,0,3.4965075614664802,3.970291913552122
180,0,1,0,0,0,0,1,0,1,3.6635616461296463,0.0
181,1,1,1,2,0,0,1,0,1,2.3978952727983707,4.787491742782046
182,0,1,1,0,1,0,0,0,1,3.332204510175204,4.406719247264253
183,0,1,1,0,0,0,1,0,1,3.7376696182833684,3.9512437185814275
184,1,1,1,1,0,0,1,1,0,3.9512437185814275,4.532599493153256
185,0,1,0,0,0,0,1,0,1,3.332204510175204,3.8501476017100584
186,0,1,0,0,1,0,0,0,1,3.1780538303479458,4.3694478524670215
187,1,1,0,0,1,0,0,0,1,3.6888794541139363,3.367295829986474
188,0,1,0,0,0,0,1,0,1,3.4339872044851463,3.912023005428146
189,1,1,0,0,1,0,0,1,0,3.4011973816621555,3.4339872044851463
190,1,1,0,1,1,0,0,1,0,4.02535169073515,4.418840607796598
191,0,1,1,0,0,0,1,0,1,3.6109179126442243,3.970291913552122
192,1,1,1,0,1,0,0,1,0,3.6375861597263857,4.48863636973214
193,1,1,1,0,0,0,1,1,0,3.091042453358316,4.189654742026425
194,0,1,0,0,0,0,1,0,1,3.4965075614664802,1.6094379124341003
195,1,1,0,0,0,0,1,1,0,3.8918202981106265,3.2188758248682006
196,0,1,0,0,0,0,1,0,1,3.7612001156935624,0.0
197,1,1,1,0,1,0,0,1,0,3.6375861597263857,4.2626798770413155
198,1,1,1,0,1,0,0,1,0,3.8918202981106265,4.330733340286331
199,1,1,1,0,0,0,1,1,0,3.5553480614894135,3.970291913552122
200,1,1,0,0,0,0,1,0,1,3.9318256327243257,3.258096538021482
201,0,1,1,0,0,0,1,0,1,3.8066624897703196,4.418840607796598
202,0,1,0,1,1,0,0,0,1,3.9318256327243257,4.110873864173311
203,1,1,0,1,0,0,1,1,0,2.772588722239781,3.6635616461296463
204,1,1,0,0,0,0,1,1,0,2.9444389791664403,3.4011973816621555
205,0,1,0,0,1,0,0,0,1,3.6888794541139363,3.4011973816621555
206,1,1,1,1,0,0,1,1,0,3.8066624897703196,5.099866427824199
207,0,1,3,2,0,0,1,0,1,2.9444389791664403,5.572154032177765
208,0,1,0,0,1,0,0,0,1,3.828641396489095,4.3694478524670215
209,1,1,0,0,0,0,1,0,1,3.828641396489095,3.5553480614894135
210,1,1,0,0,0,0,1,0,1,3.332204510175204,3.5553480614894135
211,0,1,0,1,0,0,1,0,1,3.044522437723423,4.343805421853684
212,0,1,0,1,1,0,0,0,1,4.174387269895637,4.110873864173311
213,0,1,0,0,0,0,1,0,1,3.8501476017100584,3.9512437185814275
214,0,1,0,0,0,0,1,0,1,3.9889840465642745,3.9318256327243257
215,1,1,0,0,0,0,0,1,0,3.6375861597263857,4.382026634673881
216,1,2,0,0,0,0,1,1,0,2.833213344056216,2.302585092994046
217,1,2,0,0,0,0,1,1,0,3.8066624897703196,2.5649493574615367
218,0,2,0,0,0,0,1,1,0,3.6375861597263857,2.5649493574615367
219,1,2,1,0,0,0,1,1,0,3.367295829986474,3.258096538021482
220,0,2,0,0,0,0,1,0,1,3.9512437185814275,2.5649493574615367
221,1,2,1,2,0,0,1,1,0,3.1780538303479458,4.174387269895637
222,0,2,1,0,1,0,0,0,1,3.367295829986474,3.295836866004329
223,1,2,2,1,0,0,1,1,0,1.3862943611198906,3.6635616461296463
224,0,2,1,0,1,0,0,0,1,3.4011973816621555,3.1780538303479458
225,0,2,0,0,0,0,1,0,1,4.189654742026425,2.302585092994046
226,0,2,0,0,0,0,1,0,1,3.2188758248682006,2.5649493574615367
227,1,2,0,0,0,0,1,1,0,3.1780538303479458,2.5649493574615367
228,1,2,0,0,0,1,0,1,0,3.4011973816621555,2.4849066497880004
229,1,2,1,1,0,0,1,1,0,3.091042453358316,3.367295829986474
230,0,2,0,0,0,0,1,0,1,3.6635616461296463,3.258096538021482
231,1,2,0,1,0,0,1,1,0,3.5263605246161616,3.1354942159291497
232,0,2,1,0,0,0,1,0,1,3.5263605246161616,3.258096538021482
233,1,2,0,2,0,0,1,1,0,3.4965075614664802,3.258096538021482
234,1,2,0,0,0,0,1,1,0,3.58351893845611,2.5649493574615367
235,0,2,0,0,0,0,1,0,1,3.9889840465642745,2.6390573296152584
236,1,2,1,1,0,0,1,0,1,0.0,2.8903717578961645
237,1,2,1,2,1,0,0,1,0,3.091042453358316,3.713572066704308
238,1,2,1,0,0,0,1,1,0,3.1780538303479458,3.258096538021482
239,1,2,0,2,1,0,0,0,1,0.0,3.6109179126442243
240,1,2,1,1,0,0,1,0,1,0.6931471805599453,3.258096538021482
241,0,2,1,1,0,0,1,0,1,3.7612001156935624,3.258096538021482
242,0,2,0,0,0,0,1,0,1,3.332204510175204,2.5649493574615367
243,0,2,1,1,0,0,1,1,0,3.258096538021482,3.258096538021482
244,0,2,0,0,0,0,1,0,1,3.58351893845611,2.5649493574615367
245,1,2,0,0,0,0,1,1,0,3.6888794541139363,2.5649493574615367
246,0,2,1,2,1,0,0,0,1,3.2188758248682006,3.713572066704308
247,1,2,1,0,1,0,0,1,0,3.332204510175204,3.1780538303479458
248,0,2,0,0,0,0,1,0,1,3.258096538021482,2.302585092994046
249,0,2,0,0,0,0,1,0,1,3.1354942159291497,2.5649493574615367
250,0,2,0,0,0,0,1,0,1,3.58351893845611,0.0
251,0,2,0,0,0,0,1,0,1,3.58351893845611,0.0
252,0,2,2,0,0,0,1,0,1,3.1780538303479458,4.290459441148391
253,1,2,1,1,0,0,1,1,0,3.5263605246161616,3.4657359027997265
254,1,2,0,2,0,0,1,1,0,2.8903717578961645,2.5649493574615367
255,0,2,0,0,0,0,1,0,1,3.4011973816621555,2.5649493574615367
256,0,2,0,0,0,0,1,0,1,3.871201010907891,2.5649493574615367
257,0,2,1,0,0,0,1,0,1,3.044522437723423,2.3978952727983707
258,1,2,0,1,0,0,1,1,0,2.8903717578961645,3.1354942159291497
259,1,2,1,0,0,0,1,1,0,3.332204510175204,3.258096538021482
260,1,2,1,1,0,0,1,0,1,1.0986122886681098,2.8903717578961645
261,1,2,0,0,0,0,1,1,0,2.9444389791664403,3.258096538021482
262,1,2,1,0,0,0,1,1,0,3.7376696182833684,3.258096538021482
263,0,2,1,0,0,0,1,1,0,3.784189633918261,3.258096538021482
264,1,2,1,2,0,0,1,1,0,1.6094379124341003,3.295836866004329
265,1,2,0,0,0,0,1,1,0,3.332204510175204,2.5649493574615367
266,1,2,2,3,0,0,1,1,0,3.1780538303479458,2.8903717578961645
267,0,2,0,0,0,0,1,0,1,3.4339872044851463,2.302585092994046
268,1,2,1,1,0,0,1,1,0,3.8066624897703196,3.258096538021482
269,1,2,0,0,0,0,1,1,0,3.044522437723423,2.302585092994046
270,1,2,0,0,0,0,1,1,0,3.332204510175204,2.5649493574615367
271,1,2,0,1,0,0,1,1,0,2.5649493574615367,2.9444389791664403
272,0,2,1,1,0,0,1,0,1,3.4339872044851463,3.258096538021482
273,1,2,0,0,0,0,1,1,0,3.912023005428146,2.302585092994046
274,1,2,1,2,1,0,0,1,0,1.0986122886681098,3.713572066704308
275,0,2,1,0,0,0,1,0,1,3.5263605246161616,3.044522437723423
276,1,2,0,0,0,0,1,1,0,3.367295829986474,2.302585092994046
277,0,2,0,0,0,0,1,0,1,2.772588722239781,2.302585092994046
278,1,2,0,2,0,0,1,0,1,0.0,3.367295829986474
279,1,2,1,0,1,0,0,1,0,3.295836866004329,2.5649493574615367
280,0,2,0,0,0,0,1,0,1,3.5263605246161616,0.0
281,1,2,0,0,0,0,1,1,0,3.7376696182833684,2.5649493574615367
282,0,2,0,0,0,0,1,0,1,3.044522437723423,4.290459441148391
283,0,2,0,0,0,0,1,0,1,3.5263605246161616,0.0
284,0,2,1,0,0,0,1,1,0,3.295836866004329,3.044522437723423
285,1,2,0,0,0,0,1,0,1,3.4339872044851463,2.5649493574615367
286,0,2,0,0,0,0,1,0,1,2.8903717578961645,4.290459441148391
287,0,2,0,0,0,0,1,0,1,4.248495242049359,2.302585092994046
288,1,2,0,0,0,0,1,1,0,3.58351893845611,2.5649493574615367
289,0,2,0,0,0,0,1,0,1,3.4657359027997265,2.302585092994046
290,1,2,0,0,1,0,0,1,0,2.833213344056216,2.4849066497880004
291,0,2,0,1,0,0,1,0,1,3.332204510175204,3.4965075614664802
292,1,2,1,1,0,0,1,1,0,3.6888794541139363,3.6635616461296463
293,0,2,0,0,0,1,0,0,1,4.04305126783455,2.4849066497880004
294,1,2,0,0,1,0,0,1,0,3.1354942159291497,2.5649493574615367
295,1,2,1,2,0,0,1,1,0,3.4965075614664802,3.295836866004329
296,0,2,0,0,0,0,1,0,1,3.2188758248682006,2.5649493574615367
297,0,2,0,0,0,0,1,0,1,3.828641396489095,3.258096538021482
298,0,2,0,0,0,0,1,0,1,3.1354942159291497,2.302585092994046
299,1,2,0,0,0,0,1,1,0,3.332204510175204,2.4849066497880004
300,0,2,2,0,0,0,1,0,1,3.4657359027997265,4.290459441148391
301,0,2,0,0,0,0,1,0,1,3.1780538303479458,2.5649493574615367
302,0,2,1,1,0,0,1,0,1,4.0943445622221,3.6635616461296463
303,0,2,1,0,0,0,1,0,1,3.5263605246161616,3.044522437723423
304,0,2,1,2,0,0,1,0,1,3.58351893845611,3.295836866004329
305,1,2,0,0,0,1,0,1,0,3.4657359027997265,2.4849066497880004
306,1,2,0,1,0,0,1,1,0,3.2188758248682006,3.258096538021482
307,0,2,0,0,0,0,1,0,1,3.1780538303479458,2.302585092994046
308,0,2,1,0,0,0,1,0,1,3.784189633918261,3.258096538021482
309,0,2,0,0,0,0,1,0,1,3.9318256327243257,2.4849066497880004
310,1,2,0,2,0,0,1,1,0,2.0794415416798357,3.258096538021482
311,0,2,0,0,0,0,1,0,1,2.9444389791664403,2.302585092994046
312,0,2,0,0,0,0,1,0,1,3.4965075614664802,2.4849066497880004
313,1,2,1,1,0,0,1,0,1,1.0986122886681098,3.258096538021482
314,1,2,0,0,0,0,1,1,0,4.007333185232471,2.772588722239781
315,0,2,0,0,0,0,1,0,1,3.367295829986474,2.302585092994046
316,0,2,0,0,1,0,0,0,1,3.1354942159291497,2.70805020110221
317,0,2,0,0,0,0,1,0,1,2.9444389791664403,2.5649493574615367
318,1,2,0,0,0,0,1,1,0,3.4657359027997265,2.5649493574615367
319,1,2,0,2,0,0,1,1,0,3.1780538303479458,2.6390573296152584
320,0,2,0,0,0,0,1,0,1,3.2188758248682006,2.5649493574615367
321,0,2,1,0,0,0,1,0,1,3.9889840465642745,3.258096538021482
322,0,2,0,0,0,0,1,0,1,3.295836866004329,2.5649493574615367
323,1,2,0,2,0,0,1,1,0,1.9459101490553132,3.258096538021482
324,0,2,0,0,0,0,1,1,0,4.04305126783455,2.302585092994046
325,1,2,0,0,0,0,1,0,1,3.367295829986474,2.5649493574615367
326,1,2,1,0,1,0,0,1,0,2.6390573296152584,3.4011973816621555
327,0,2,0,0,0,0,1,0,1,4.07753744390572,2.5649493574615367
328,1,2,0,0,0,0,1,1,0,3.4011973816621555,2.5649493574615367
329,1,2,1,1,0,0,1,1,0,3.4339872044851463,3.258096538021482
330,0,2,0,0,0,0,1,0,1,2.8903717578961645,2.5649493574615367
331,0,2,0,0,0,0,1,0,1,3.8501476017100584,2.70805020110221
332,1,2,1,1,0,0,1,0,1,2.0794415416798357,3.58351893845611
333,0,2,0,0,0,0,1,0,1,3.332204510175204,2.302585092994046
334,1,2,0,0,1,0,0,0,1,3.295836866004329,2.5649493574615367
335,1,2,1,0,0,0,1,1,0,2.9444389791664403,3.258096538021482
336,0,2,1,1,0,0,1,0,1,2.9444389791664403,3.58351893845611
337,0,2,0,2,0,0,1,0,1,3.58351893845611,3.258096538021482
338,0,2,0,0,0,0,1,0,1,2.8903717578961645,2.3978952727983707
339,0,2,0,0,0,0,1,0,1,3.7376696182833684,2.5649493574615367
340,1,2,0,0,0,0,1,1,0,3.5553480614894135,3.044522437723423
341,0,2,0,0,0,0,1,0,1,3.6635616461296463,2.5649493574615367
342,0,2,0,0,0,0,1,0,1,3.4011973816621555,2.5649493574615367
343,0,2,0,0,0,0,1,0,1,2.8903717578961645,2.3978952727983707
344,1,2,1,2,0,0,1,1,0,3.871201010907891,4.174387269895637
345,0,2,1,0,0,0,1,0,1,3.7376696182833684,3.295836866004329
346,0,2,0,0,0,0,1,1,0,3.1780538303479458,2.5649493574615367
347,0,2,0,0,0,0,1,0,1,3.4011973816621555,2.302585092994046
348,1,2,1,0,0,0,1,0,1,3.4657359027997265,3.258096538021482
349,0,2,0,0,0,0,1,0,1,3.295836866004329,2.5649493574615367
350,0,2,0,0,0,0,1,0,1,3.5263605246161616,2.5649493574615367
351,1,2,1,1,0,0,1,1,0,1.3862943611198906,3.1354942159291497
352,1,2,0,0,0,0,1,0,1,2.9444389791664403,2.302585092994046
353,1,2,1,1,0,0,1,0,1,0.0,2.6390573296152584
354,0,2,1,0,0,0,1,0,1,3.6109179126442243,3.258096538021482
355,1,2,1,0,0,0,1,1,0,3.367295829986474,3.258096538021482
356,1,2,3,0,0,0,1,1,0,3.4011973816621555,3.044522437723423
357,0,2,0,0,0,0,1,0,1,3.5553480614894135,0.0
358,1,2,1,1,0,0,1,1,0,0.6931471805599453,3.258096538021482
359,0,2,2,0,0,0,1,0,1,3.044522437723423,4.290459441148391
360,0,2,0,0,0,0,1,0,1,3.912023005428146,2.5649493574615367
361,0,2,0,0,0,0,1,0,1,3.5263605246161616,2.5649493574615367
362,0,2,0,0,0,0,1,0,1,3.5553480614894135,3.258096538021482
363,1,2,0,1,0,0,1,1,0,1.791759469228055,3.4965075614664802
364,1,2,0,0,0,0,1,0,1,3.5263605246161616,2.5649493574615367
365,1,2,0,0,0,0,1,0,1,3.7376696182833684,2.5649493574615367
366,1,2,0,0,0,0,1,1,0,3.295836866004329,2.302585092994046
367,0,2,1,0,0,0,1,0,1,3.367295829986474,3.044522437723423
368,1,2,2,1,0,0,1,1,0,3.1780538303479458,3.295836866004329
369,0,2,0,0,1,0,0,0,1,3.58351893845611,2.4849066497880004
370,1,2,1,0,0,0,1,1,0,3.58351893845611,3.258096538021482
371,0,2,0,0,0,0,1,0,1,2.772588722239781,3.258096538021482
372,1,2,0,0,0,0,1,1,0,3.5263605246161616,2.5649493574615367
373,0,2,0,0,0,0,1,0,1,3.9512437185814275,2.5649493574615367
374,0,2,1,1,1,0,0,0,1,3.4339872044851463,3.6109179126442243
375,1,2,0,0,0,0,1,1,0,3.6888794541139363,2.70805020110221
376,1,2,0,0,0,0,1,1,0,3.5263605246161616,2.302585092994046
377,1,2,0,0,0,0,1,0,1,4.127134385045092,2.302585092994046
378,1,2,1,1,0,0,1,1,0,3.2188758248682006,3.4011973816621555
379,0,2,0,0,0,0,1,0,1,3.5553480614894135,2.302585092994046
380,0,2,0,0,0,0,1,0,1,3.295836866004329,3.258096538021482
381,0,2,1,0,1,0,0,0,1,3.4657359027997265,3.4011973816621555
382,1,2,1,3,0,0,1,1,0,3.9889840465642745,3.1354942159291497
383,0,2,2,1,0,0,1,0,1,3.1354942159291497,2.3978952727983707
384,1,2,2,1,0,0,1,0,1,0.0,3.6635616461296463
385,1,2,0,1,0,0,1,1,0,3.912023005428146,3.258096538021482
386,0,2,0,0,0,0,1,0,1,3.1354942159291497,2.5649493574615367
387,0,2,0,0,1,0,0,0,1,3.295836866004329,2.70805020110221
388,0,2,0,0,0,0,1,0,1,3.9889840465642745,3.258096538021482
389,0,2,0,0,0,0,1,0,1,3.1354942159291497,2.5649493574615367
390,0,2,0,0,0,0,1,0,1,3.6635616461296463,2.5649493574615367
391,0,2,0,0,0,0,1,0,1,3.5553480614894135,0.0
392,0,2,0,0,0,0,1,0,1,3.58351893845611,2.302585092994046
393,0,2,1,0,0,0,1,0,1,3.2188758248682006,3.258096538021482
394,1,2,0,0,0,0,1,1,0,3.912023005428146,2.302585092994046
395,0,2,0,0,0,0,1,0,1,3.4011973816621555,2.5649493574615367
396,1,2,0,1,0,0,1,1,0,3.713572066704308,2.9444389791664403
397,0,2,0,0,0,0,1,0,1,3.332204510175204,2.5649493574615367
398,1,2,0,0,0,0,1,1,0,3.58351893845611,3.4965075614664802
399,1,2,0,0,0,0,1,1,0,3.4657359027997265,2.5649493574615367
400,0,3,0,0,0,0,1,0,1,3.4657359027997265,1.9459101490553132
401,0,3,0,0,0,0,1,0,1,2.772588722239781,2.0794415416798357
402,0,3,2,0,0,0,1,0,1,3.713572066704308,2.6390573296152584
403,0,3,0,0,1,0,0,0,1,3.1780538303479458,1.9459101490553132
404,0,3,0,0,0,0,1,0,1,2.9444389791664403,2.6390573296152584
405,0,3,0,5,0,1,0,1,0,3.6635616461296463,3.367295829986474
406,0,3,3,2,0,0,1,1,0,2.1972245773362196,3.295836866004329
407,0,3,0,0,1,0,0,0,1,3.4011973816621555,2.0794415416798357
408,0,3,0,0,0,0,1,0,1,3.2188758248682006,1.9459101490553132
409,0,3,1,0,1,0,0,1,0,2.772588722239781,2.6390573296152584
410,0,3,1,2,0,0,1,1,0,3.091042453358316,3.1354942159291497
411,1,3,0,0,0,0,1,0,1,3.4657359027997265,1.9459101490553132
412,1,3,0,3,1,0,0,1,0,3.1780538303479458,2.9444389791664403
413,0,3,0,0,0,0,1,0,1,3.044522437723423,1.9459101490553132
414,0,3,8,2,0,0,1,1,0,2.1972245773362196,4.23410650459726
415,1,3,1,0,0,1,0,1,0,3.091042453358316,2.70805020110221
416,0,3,0,0,0,0,1,0,1,3.258096538021482,1.9459101490553132
417,0,3,1,1,0,0,1,0,1,3.58351893845611,3.1780538303479458
418,0,3,0,0,0,0,1,0,1,3.332204510175204,1.9459101490553132
419,0,3,0,0,0,0,1,0,1,3.4657359027997265,1.9459101490553132
420,0,3,1,5,0,0,1,1,0,3.6635616461296463,3.4339872044851463
421,0,3,0,0,0,0,1,0,1,3.8918202981106265,0.0
422,0,3,0,0,0,0,1,0,1,2.9444389791664403,1.9459101490553132
423,0,3,0,0,1,0,0,0,1,3.4339872044851463,1.9459101490553132
424,0,3,0,0,0,0,1,0,1,3.332204510175204,1.9459101490553132
425,0,3,0,0,0,0,1,0,1,3.4011973816621555,1.9459101490553132
426,0,3,1,0,0,0,1,0,1,3.58351893845611,2.70805020110221
427,0,3,0,0,0,0,1,0,1,3.8501476017100584,2.1972245773362196
428,0,3,0,0,0,0,1,0,1,3.784189633918261,2.0794415416798357
429,0,3,0,0,0,0,1,0,1,2.995732273553991,2.1972245773362196
430,0,3,0,0,0,1,0,0,1,3.4657359027997265,1.9459101490553132
431,0,3,0,0,0,0,1,0,1,3.9318256327243257,1.9459101490553132
432,0,3,0,0,0,0,1,0,1,3.5553480614894135,2.0794415416798357
433,0,3,0,0,0,0,1,0,1,3.8501476017100584,1.9459101490553132
434,0,3,0,0,0,1,0,0,1,3.295836866004329,1.9459101490553132
435,0,3,0,0,0,0,1,0,1,3.258096538021482,1.9459101490553132
436,0,3,0,0,0,0,1,1,0,3.091042453358316,2.302585092994046
437,0,3,0,0,0,0,1,0,1,3.091042453358316,2.0794415416798357
438,0,3,0,0,0,0,1,0,1,3.4657359027997265,2.0794415416798357
439,0,3,0,0,0,0,1,0,1,3.4965075614664802,1.9459101490553132
440,0,3,0,0,0,0,1,0,1,3.044522437723423,2.772588722239781
441,1,3,0,0,1,0,0,1,0,2.70805020110221,1.9459101490553132
442,1,3,1,1,1,0,0,0,1,2.995732273553991,2.70805020110221
443,0,3,1,0,1,0,0,0,1,3.295836866004329,2.6390573296152584
444,0,3,0,0,0,0,1,0,1,3.5553480614894135,1.9459101490553132
445,0,3,0,0,0,0,1,0,1,3.2188758248682006,2.1972245773362196
446,1,3,1,1,0,0,1,0,1,1.3862943611198906,2.3978952727983707
447,0,3,1,0,0,0,1,1,0,3.258096538021482,2.772588722239781
448,0,3,1,1,0,0,1,0,1,3.5263605246161616,2.6390573296152584
449,0,3,0,2,0,1,0,1,0,3.2188758248682006,1.9459101490553132
450,0,3,4,1,0,1,0,0,1,2.0794415416798357,3.367295829986474
451,0,3,5,2,0,0,1,0,1,2.6390573296152584,3.828641396489095
452,0,3,1,0,0,0,1,0,1,3.295836866004329,2.772588722239781
453,0,3,1,1,0,0,1,0,1,2.772588722239781,2.995732273553991
454,1,3,0,0,0,0,1,0,1,3.4339872044851463,1.9459101490553132
455,0,3,1,0,0,0,1,0,1,3.1780538303479458,2.772588722239781
456,1,3,0,1,1,0,0,0,1,0.0,2.0794415416798357
457,0,3,0,0,0,0,1,0,1,3.332204510175204,1.9459101490553132
458,0,3,0,0,0,0,1,0,1,3.332204510175204,1.9459101490553132
459,1,3,0,0,0,0,1,0,1,3.295836866004329,1.791759469228055
460,0,3,1,3,0,0,1,1,0,3.871201010907891,3.5263605246161616
461,0,3,0,0,0,0,1,0,1,3.332204510175204,2.772588722239781
462,0,3,0,0,0,0,1,0,1,3.4339872044851463,1.9459101490553132
463,0,3,0,0,0,0,1,1,0,2.8903717578961645,1.9459101490553132
464,0,3,0,0,1,0,0,0,1,2.3978952727983707,2.8903717578961645
465,0,3,0,0,0,1,0,0,1,3.4339872044851463,1.9459101490553132
466,0,3,0,0,0,0,1,0,1,3.258096538021482,1.9459101490553132
467,0,3,1,0,0,0,1,1,0,3.2188758248682006,1.9459101490553132
468,1,3,0,0,0,1,0,1,0,2.995732273553991,1.9459101490553132
469,0,3,0,0,0,0,1,0,1,2.995732273553991,2.0794415416798357
470,0,3,1,0,0,0,1,0,1,2.833213344056216,1.9459101490553132
471,0,3,4,2,0,0,1,1,0,1.791759469228055,3.4339872044851463
472,0,3,0,0,0,1,0,0,1,3.4657359027997265,2.70805020110221
473,0,3,0,0,0,0,1,0,1,3.4011973816621555,2.0794415416798357
474,0,3,0,0,0,0,1,0,1,2.9444389791664403,1.9459101490553132
475,0,3,0,0,0,0,1,1,0,3.1354942159291497,1.9459101490553132
476,0,3,0,0,0,0,1,0,1,3.7612001156935624,1.791759469228055
477,0,3,3,2,0,0,1,0,1,2.302585092994046,3.295836866004329
478,0,3,0,0,0,0,1,0,1,3.367295829986474,2.1972245773362196
479,0,3,0,0,0,0,1,0,1,3.6635616461296463,3.1780538303479458
480,1,3,0,1,0,0,1,0,1,1.791759469228055,2.4849066497880004
481,0,3,0,0,0,0,1,0,1,3.4965075614664802,2.1972245773362196
482,0,3,0,0,0,0,1,0,1,3.1354942159291497,1.9459101490553132
483,1,3,0,0,0,0,1,1,0,2.8903717578961645,1.9459101490553132
484,0,3,0,0,0,0,1,0,1,3.2188758248682006,1.9459101490553132
485,0,3,0,0,0,0,1,0,1,3.2188758248682006,1.9459101490553132
486,0,3,1,2,0,0,1,0,1,2.995732273553991,3.1354942159291497
487,0,3,0,0,0,1,0,0,1,3.4657359027997265,1.9459101490553132
488,0,3,8,2,0,0,1,1,0,2.302585092994046,4.23410650459726
489,1,3,0,0,1,0,0,1,0,2.5649493574615367,1.9459101490553132
490,0,3,0,0,0,1,0,0,1,3.332204510175204,1.9459101490553132
491,0,3,0,0,0,0,1,0,1,3.2188758248682006,1.9459101490553132
492,1,3,0,0,0,0,1,1,0,1.6094379124341003,2.4849066497880004
493,0,3,0,0,0,1,0,0,1,3.4657359027997265,1.9459101490553132
494,0,3,0,0,0,0,1,0,1,2.8903717578961645,1.9459101490553132
495,0,3,0,0,1,0,0,0,1,3.4657359027997265,1.9459101490553132
496,0,3,0,0,0,0,1,0,1,3.871201010907891,1.9459101490553132
497,0,3,0,0,0,0,1,0,1,3.1780538303479458,2.1972245773362196
498,0,3,0,0,0,0,1,0,1,3.4657359027997265,2.0794415416798357
499,0,3,1,0,0,1,0,0,1,3.58351893845611,3.1780538303479458
500,0,3,0,0,0,1,0,1,0,3.4011973816621555,1.9459101490553132
501,0,3,0,0,0,0,1,0,1,2.772588722239781,1.9459101490553132
502,1,3,0,0,0,0,1,1,0,3.4339872044851463,2.0794415416798357
503,1,3,0,0,1,0,0,0,1,2.995732273553991,1.9459101490553132
504,0,3,0,0,0,0,1,0,1,3.713572066704308,1.9459101490553132
505,0,3,0,0,0,0,1,0,1,3.1780538303479458,2.6390573296152584
506,0,3,0,0,1,0,0,0,1,3.4011973816621555,1.9459101490553132
507,0,3,0,0,0,0,1,0,1,3.5263605246161616,2.0794415416798357
508,0,3,0,0,0,0,1,0,1,3.332204510175204,1.9459101490553132
509,0,3,1,1,0,0,1,1,0,3.4011973816621555,3.1780538303479458
510,1,3,0,0,0,0,1,0,1,3.295836866004329,2.0794415416798357
511,0,3,0,5,0,0,1,1,0,3.713572066704308,3.6635616461296463
512,1,3,0,1,0,0,1,1,0,3.295836866004329,2.4849066497880004
513,0,3,0,0,0,1,0,0,1,3.4339872044851463,1.791759469228055
514,1,3,0,0,0,0,1,1,0,2.8903717578961645,2.1972245773362196
515,0,3,0,0,0,0,1,0,1,3.1780538303479458,2.0794415416798357
516,0,3,0,0,0,0,1,0,1,2.8903717578961645,1.9459101490553132
517,0,3,0,0,1,0,0,0,1,3.5553480614894135,1.9459101490553132
518,0,3,4,2,0,0,1,0,1,1.3862943611198906,3.4339872044851463
519,0,3,0,0,0,0,1,0,1,3.7612001156935624,2.0794415416798357
520,0,3,0,0,0,0,1,0,1,3.367295829986474,1.9459101490553132
521,1,3,1,0,0,0,1,0,1,2.995732273553991,1.9459101490553132
522,0,3,0,0,0,0,1,0,1,3.58351893845611,1.9459101490553132
523,0,3,0,0,1,0,0,0,1,3.6888794541139363,1.9459101490553132
524,0,3,0,0,0,0,1,0,1,4.30406509320417,1.9459101490553132
525,0,3,1,1,0,1,0,1,0,3.4657359027997265,2.70805020110221
526,0,3,8,2,0,0,1,0,1,2.1972245773362196,4.23410650459726
527,0,3,0,0,0,0,1,0,1,3.295836866004329,1.9459101490553132
528,0,3,0,0,0,1,0,1,0,2.8903717578961645,1.791759469228055
529,1,3,0,0,0,1,0,1,0,2.995732273553991,1.9459101490553132
530,0,3,0,0,0,0,1,0,1,3.044522437723423,2.0794415416798357
531,0,3,0,0,0,0,1,0,1,3.295836866004329,1.9459101490553132
532,1,3,0,0,0,0,1,1,0,3.1354942159291497,1.9459101490553132
533,0,3,0,0,0,0,1,0,1,3.367295829986474,1.9459101490553132
534,0,3,0,0,0,0,1,0,1,2.9444389791664403,1.9459101490553132
535,1,3,2,1,1,0,0,1,0,0.0,2.9444389791664403
536,1,3,0,0,0,0,1,0,1,3.4011973816621555,4.02535169073515
537,0,3,3,2,0,0,1,1,0,0.6931471805599453,3.295836866004329
538,1,3,0,1,0,0,1,1,0,2.8903717578961645,2.1972245773362196
539,0,3,0,0,0,0,1,0,1,2.995732273553991,1.9459101490553132
540,0,3,1,1,1,0,0,1,0,2.1972245773362196,2.70805020110221
541,0,3,1,6,0,0,1,1,0,3.7612001156935624,3.828641396489095
542,0,3,0,0,0,0,1,0,1,3.7376696182833684,1.9459101490553132
543,0,3,0,0,0,0,1,0,1,2.833213344056216,2.0794415416798357
544,0,3,0,0,0,0,1,0,1,3.4011973816621555,4.02535169073515
545,1,3,1,1,1,0,0,0,1,2.70805020110221,2.70805020110221
546,1,3,0,0,0,1,0,0,1,3.4657359027997265,1.9459101490553132
547,0,3,1,0,0,0,1,0,1,3.258096538021482,1.9459101490553132
548,0,3,0,0,0,1,0,0,1,3.2188758248682006,1.9459101490553132
549,0,3,0,1,1,0,0,1,0,2.8903717578961645,2.6390573296152584
550,1,3,1,0,1,0,0,1,0,2.70805020110221,2.6390573296152584
551,0,3,0,0,1,0,0,0,1,3.1780538303479458,1.9459101490553132
552,0,3,0,0,0,0,1,0,1,3.1354942159291497,1.9459101490553132
553,0,3,0,0,0,0,1,0,1,2.8903717578961645,2.0794415416798357
554,0,3,0,0,0,0,1,0,1,3.7376696182833684,1.9459101490553132
555,0,3,0,0,0,0,1,0,1,3.044522437723423,2.0794415416798357
556,1,3,0,0,0,1,0,1,0,2.8903717578961645,1.9459101490553132
557,0,3,0,0,0,0,1,0,1,3.784189633918261,2.0794415416798357
558,0,3,0,0,0,0,1,0,1,3.4965075614664802,2.0794415416798357
559,0,3,0,0,1,0,0,0,1,3.2188758248682006,1.9459101490553132
560,1,3,0,0,0,0,1,0,1,3.4011973816621555,4.02535169073515
561,1,3,0,1,1,0,0,1,0,1.3862943611198906,2.5649493574615367
562,1,3,0,0,0,0,1,0,1,3.4657359027997265,4.02535169073515
563,0,3,0,0,0,0,1,0,1,2.8903717578961645,1.9459101490553132
564,0,3,0,0,0,0,1,0,1,2.9444389791664403,2.302585092994046
565,0,3,4,1,0,0,1,0,1,2.6390573296152584,3.6635616461296463
566,0,3,0,0,0,0,1,0,1,2.995732273553991,1.9459101490553132
567,1,3,1,2,0,0,1,0,1,0.0,2.995732273553991
568,0,3,0,0,0,0,1,0,1,2.995732273553991,2.1972245773362196
569,0,3,0,0,0,1,0,1,0,3.044522437723423,2.0794415416798357
570,0,3,0,0,1,0,0,0,1,3.5263605246161616,1.791759469228055
571,0,3,4,1,0,0,1,0,1,0.6931471805599453,3.6635616461296463
572,0,3,0,0,0,0,1,0,1,3.4965075614664802,1.9459101490553132
573,0,3,1,0,0,0,1,0,1,3.091042453358316,1.9459101490553132
574,1,3,0,0,0,0,1,0,1,3.4657359027997265,1.9459101490553132
575,0,3,0,0,0,0,1,0,1,3.258096538021482,1.9459101490553132
576,0,3,0,0,0,0,1,0,1,2.833213344056216,2.0794415416798357
577,0,3,4,1,0,0,1,0,1,0.0,3.6635616461296463
578,1,3,0,2,0,0,1,0,1,2.1972245773362196,2.995732273553991
579,0,3,1,4,0,0,1,1,0,3.8066624897703196,3.295836866004329
580,0,3,0,0,0,0,1,0,1,3.332204510175204,4.02535169073515
581,0,3,4,1,0,1,0,0,1,1.3862943611198906,3.367295829986474
582,1,3,1,1,0,0,1,1,0,0.0,2.3978952727983707
583,0,3,0,0,0,0,1,0,1,3.044522437723423,1.9459101490553132
584,0,3,1,1,0,0,1,0,1,2.8903717578961645,1.9459101490553132
585,0,3,3,1,0,0,1,0,1,2.0794415416798357,3.2188758248682006
586,0,3,0,0,0,0,1,0,1,3.58351893845611,0.0
587,0,3,8,2,0,0,1,1,0,2.302585092994046,4.23410650459726
588,0,3,4,2,0,0,1,0,1,2.1972245773362196,3.4339872044851463
589,1,3,0,2,0,0,1,1,0,1.3862943611198906,3.091042453358316
590,0,3,0,1,0,0,1,0,1,3.784189633918261,2.772588722239781
591,0,3,8,2,0,0,1,0,1,2.1972245773362196,4.23410650459726
592,0,3,0,0,0,0,1,0,1,3.2188758248682006,2.0794415416798357
593,0,3,0,0,0,0,1,0,1,3.4011973816621555,2.0794415416798357
594,1,3,1,1,1,0,0,1,0,2.4849066497880004,3.091042453358316
595,0,3,0,0,0,0,1,0,1,3.8066624897703196,1.791759469228055
596,0,3,0,0,1,0,0,0,1,3.4965075614664802,1.9459101490553132
597,0,3,0,0,0,0,1,0,1,2.995732273553991,1.9459101490553132
598,0,3,1,0,0,0,1,1,0,3.8501476017100584,2.6390573296152584
599,0,3,0,0,0,0,1,0,1,2.772588722239781,2.1972245773362196
600,0,3,0,2,1,0,0,1,0,2.70805020110221,2.70805020110221
601,1,3,1,0,0,1,0,1,0,2.9444389791664403,2.70805020110221
602,1,3,0,0,0,0,1,1,0,3.091042453358316,1.9459101490553132
603,0,3,0,0,0,1,0,0,1,2.9444389791664403,1.791759469228055
604,1,3,0,0,0,0,1,0,1,3.295836866004329,1.9459101490553132
605,0,3,2,2,0,0,1,1,0,2.1972245773362196,3.5263605246161616
606,0,3,0,0,0,0,1,0,1,4.007333185232471,2.0794415416798357
607,0,3,0,2,0,0,1,0,1,3.6888794541139363,2.6390573296152584
608,0,3,0,0,0,0,1,0,1,3.4011973816621555,1.9459101490553132
609,1,3,0,0,0,1,0,1,0,2.772588722239781,1.9459101490553132
610,1,3,1,0,0,0,1,1,0,3.1780538303479458,2.70805020110221
611,0,3,1,1,0,1,0,0,1,3.6888794541139363,2.70805020110221
612,0,3,0,0,0,0,1,0,1,3.58351893845611,1.9459101490553132
613,1,3,1,0,0,0,1,1,0,2.9444389791664403,1.9459101490553132
614,0,3,0,0,0,0,1,0,1,2.995732273553991,1.9459101490553132
615,0,3,3,1,0,0,1,1,0,2.1972245773362196,3.2188758248682006
616,0,3,0,0,0,0,1,0,1,3.367295829986474,1.9459101490553132
617,1,3,4,2,0,0,1,1,0,1.6094379124341003,3.4339872044851463
618,0,3,0,0,0,0,1,1,0,3.1780538303479458,1.9459101490553132
619,0,3,1,0,1,0,0,1,0,2.772588722239781,2.6390573296152584
620,1,3,1,0,0,1,0,1,0,2.9444389791664403,2.70805020110221
621,0,3,0,0,0,0,1,0,1,3.091042453358316,2.1972245773362196
622,0,3,0,0,0,0,1,0,1,3.091042453358316,1.9459101490553132
623,0,3,0,0,0,0,1,1,0,3.2188758248682006,1.9459101490553132
624,0,3,0,0,0,0,1,0,1,3.4011973816621555,1.9459101490553132
625,0,3,1,1,0,0,1,1,0,3.367295829986474,2.302585092994046
626,0,3,1,0,0,0,1,0,1,3.4011973816621555,2.772588722239781
627,0,3,0,2,0,0,1,1,0,3.713572066704308,2.995732273553991
628,1,3,0,2,1,0,0,1,0,3.367295829986474,2.70805020110221
629,0,3,0,0,0,1,0,0,1,3.4657359027997265,1.9459101490553132
630,0,3,0,0,1,0,0,0,1,3.4011973816621555,1.9459101490553132
631,1,3,0,0,0,0,1,0,1,3.1780538303479458,1.9459101490553132
632,0,3,0,0,0,0,1,0,1,3.258096538021482,1.9459101490553132
633,1,3,0,0,0,0,1,0,1,2.772588722239781,2.0794415416798357
634,0,3,0,0,0,1,0,0,1,3.4657359027997265,1.9459101490553132
635,0,3,0,1,0,0,1,0,1,3.7376696182833684,2.0794415416798357
636,1,3,0,0,0,1,0,1,0,3.091042453358316,1.9459101490553132
637,0,3,0,0,0,0,1,0,1,3.332204510175204,2.1972245773362196
638,0,3,8,2,0,0,1,0,1,2.1972245773362196,4.23410650459726
639,0,3,0,0,0,0,1,0,1,3.5263605246161616,1.791759469228055
640,0,3,0,0,1,0,0,0,1,3.8066624897703196,1.9459101490553132
641,0,3,0,0,0,0,1,0,1,3.9318256327243257,2.0794415416798357
642,1,3,0,0,0,0,1,0,1,2.8903717578961645,2.0794415416798357
643,0,3,1,0,0,0,1,0,1,3.4657359027997265,2.70805020110221
644,1,3,0,0,1,0,0,0,1,3.258096538021482,2.8903717578961645
645,1,3,0,0,0,1,0,1,0,2.772588722239781,1.9459101490553132
646,0,3,0,0,0,0,1,0,1,3.1780538303479458,1.9459101490553132
647,0,3,0,0,0,0,1,0,1,3.091042453358316,1.9459101490553132
648,0,3,1,0,0,1,0,0,1,3.4657359027997265,1.9459101490553132
649,1,3,0,0,0,0,1,1,0,3.295836866004329,1.9459101490553132
650,0,3,0,1,0,0,1,1,0,0.6931471805599453,2.302585092994046
651,0,3,0,0,0,1,0,0,1,3.4657359027997265,1.9459101490553132
652,1,3,1,0,1,0,0,0,1,2.4849066497880004,2.3978952727983707
653,0,3,0,0,0,0,1,0,1,3.4657359027997265,2.0794415416798357
654,0,3,0,0,0,0,1,0,1,3.044522437723423,2.0794415416798357
655,0,3,2,0,0,0,1,1,0,2.8903717578961645,2.8903717578961645
656,1,3,1,0,1,0,0,1,0,2.6390573296152584,2.3978952727983707
657,0,3,1,0,0,0,1,1,0,3.6888794541139363,2.1972245773362196
658,0,3,0,0,1,0,0,0,1,3.332204510175204,1.9459101490553132
659,1,3,0,0,0,1,0,1,0,2.9444389791664403,1.9459101490553132
660,0,3,0,0,0,0,1,0,1,3.4657359027997265,2.0794415416798357
661,1,3,0,0,1,0,0,0,1,3.1780538303479458,1.9459101490553132
662,0,3,1,0,0,1,0,0,1,3.332204510175204,2.70805020110221
663,0,3,2,0,1,0,0,0,1,2.9444389791664403,3.044522437723423
664,0,3,1,0,0,0,1,1,0,2.8903717578961645,2.833213344056216
665,0,3,4,1,0,0,1,0,1,1.9459101490553132,3.6635616461296463
666,0,3,0,0,0,0,1,0,1,3.044522437723423,1.9459101490553132
667,0,3,0,0,1,0,0,0,1,3.332204510175204,1.9459101490553132
668,0,3,5,2,0,0,1,0,1,2.3978952727983707,3.828641396489095
669,0,3,0,0,1,0,0,0,1,3.091042453358316,1.9459101490553132
670,1,3,0,0,0,1,0,1,0,3.091042453358316,1.9459101490553132
671,0,3,3,2,0,0,1,0,1,1.3862943611198906,3.295836866004329
672,1,3,0,0,0,1,0,1,0,3.091042453358316,1.9459101490553132
673,1,3,0,0,0,1,0,1,0,3.044522437723423,1.9459101490553132
674,1,3,0,0,0,0,1,1,0,3.258096538021482,1.9459101490553132
675,0,3,0,0,0,0,1,0,1,3.5553480614894135,2.0794415416798357
676,0,3,0,0,0,1,0,0,1,3.58351893845611,2.0794415416798357
677,0,3,3,1,0,0,1,0,1,0.6931471805599453,3.044522437723423
678,1,3,0,2,0,0,1,1,0,3.295836866004329,2.3978952727983707
679,1,3,1,1,0,0,1,1,0,1.3862943611198906,2.772588722239781
680,0,3,0,0,0,0,1,0,1,2.995732273553991,2.0794415416798357
681,0,3,0,0,0,0,1,0,1,3.295836866004329,1.9459101490553132
682,0,3,1,5,0,0,1,0,1,3.6635616461296463,3.4339872044851463
683,0,3,4,1,0,1,0,0,1,0.6931471805599453,3.367295829986474
684,0,3,1,0,0,0,1,1,0,3.4339872044851463,2.8903717578961645
685,1,3,0,0,1,0,0,1,0,2.70805020110221,1.9459101490553132
686,1,3,0,0,0,1,0,1,0,2.70805020110221,2.0794415416798357
687,0,3,3,1,0,0,1,1,0,2.0794415416798357,3.044522437723423
688,1,3,1,5,0,0,1,1,0,3.6375861597263857,3.4339872044851463
689,0,3,0,0,1,0,0,0,1,3.4011973816621555,1.9459101490553132
690,0,3,0,0,0,0,1,1,0,2.6390573296152584,1.9459101490553132
691,1,3,4,2,0,0,1,0,1,1.0986122886681098,3.4339872044851463
692,1,3,1,1,1,0,0,0,1,2.70805020110221,2.70805020110221
693,1,3,4,2,0,0,1,1,0,2.833213344056216,1.9459101490553132
694,0,3,0,0,0,0,1,1,0,3.332204510175204,1.9459101490553132
695,0,3,0,0,0,0,1,0,1,3.295836866004329,1.9459101490553132
696,0,3,0,0,0,0,1,0,1,3.4965075614664802,2.0794415416798357
697,0,3,2,0,0,0,1,0,1,3.6109179126442243,1.9459101490553132
698,0,3,0,0,0,0,1,0,1,3.332204510175204,1.9459101490553132
699,1,3,0,0,0,0,1,1,0,3.044522437723423,1.9459101490553132
700,1,3,0,0,0,0,1,0,1,3.367295829986474,1.9459101490553132
701,0,3,0,0,0,0,1,0,1,3.4965075614664802,2.0794415416798357
702,0,3,0,0,0,0,1,0,1,3.6375861597263857,1.9459101490553132
703,0,3,1,0,1,0,0,1,0,2.6390573296152584,2.6390573296152584
704,0,3,0,0,0,0,1,0,1,3.091042453358316,2.0794415416798357
705,0,3,1,0,0,0,1,1,0,2.995732273553991,2.1972245773362196
706,0,3,0,0,1,0,0,1,0,2.833213344056216,2.6390573296152584
707,0,3,0,0,0,0,1,0,1,3.044522437723423,1.9459101490553132
708,0,3,0,0,0,1,0,0,1,4.248495242049359,1.9459101490553132
709,0,3,4,2,0,0,1,1,0,0.6931471805599453,3.4339872044851463
710,1,3,1,0,0,1,0,1,0,3.091042453358316,3.1780538303479458
711,0,3,0,0,0,0,1,0,1,2.9444389791664403,2.0794415416798357
712,0,3,0,0,0,0,1,0,1,4.07753744390572,1.9459101490553132
713,0,3,0,0,0,0,1,0,1,2.995732273553991,1.9459101490553132
714,0,3,2,0,0,0,1,0,1,3.258096538021482,2.0794415416798357
715,0,3,5,2,0,0,1,1,0,2.772588722239781,3.828641396489095
716,0,3,1,0,1,0,0,0,1,3.258096538021482,2.6390573296152584
717,1,3,0,0,0,0,1,0,1,3.4657359027997265,4.02535169073515
718,0,3,0,0,0,0,1,0,1,3.2188758248682006,1.9459101490553132
719,0,3,0,0,0,0,1,0,1,3.332204510175204,1.9459101490553132
720,0,3,0,0,0,0,1,0,1,3.4657359027997265,2.0794415416798357
721,0,3,1,2,0,0,1,0,1,3.258096538021482,2.995732273553991
722,1,3,0,0,0,0,1,1,0,3.4011973816621555,2.4849066497880004
723,1,3,0,0,0,0,1,0,1,3.367295829986474,2.1972245773362196
724,1,3,0,0,0,1,0,1,0,3.091042453358316,1.9459101490553132
725,1,3,3,0,0,0,1,1,0,3.4965075614664802,2.70805020110221
726,0,3,1,3,0,0,1,0,1,2.772588722239781,3.5263605246161616
727,0,3,0,0,0,0,1,0,1,3.4657359027997265,2.0794415416798357
728,0,3,0,0,0,0,1,0,1,3.1780538303479458,2.0794415416798357
729,0,3,0,0,0,0,1,0,1,3.367295829986474,2.0794415416798357
730,0,3,0,0,0,0,1,0,1,3.091042453358316,2.1972245773362196
731,1,3,0,0,0,1,0,1,0,3.091042453358316,1.9459101490553132
732,0,3,0,0,0,1,0,1,0,3.091042453358316,1.9459101490553132
733,1,3,1,0,0,0,1,0,1,3.2188758248682006,1.9459101490553132
734,1,3,2,1,1,0,0,1,0,0.0,2.9444389791664403
735,0,3,0,0,0,0,1,0,1,3.4011973816621555,1.9459101490553132
736,0,3,0,0,0,0,1,0,1,3.6375861597263857,2.0794415416798357
737,0,3,0,0,0,0,1,1,0,3.091042453358316,2.1972245773362196
738,0,3,1,0,0,0,1,0,1,3.367295829986474,1.9459101490553132
739,0,3,0,0,0,0,1,0,1,3.091042453358316,1.9459101490553132
740,1,3,0,1,0,0,1,1,0,0.6931471805599453,2.4849066497880004
741,0,3,5,2,0,0,1,0,1,2.1972245773362196,3.828641396489095
742,0,3,0,0,0,0,1,0,1,3.912023005428146,2.0794415416798357
743,1,3,0,0,0,0,1,1,0,4.143134726391533,2.1972245773362196
744,0,3,3,1,0,0,1,1,0,2.1972245773362196,3.2188758248682006
745,0,3,0,0,0,0,1,0,1,3.4011973816621555,2.0794415416798357
746,1,3,1,1,0,0,1,0,1,2.1972245773362196,2.70805020110221
747,0,3,1,0,0,0,1,0,1,3.295836866004329,2.9444389791664403
748,0,3,0,0,0,0,1,0,1,3.044522437723423,1.9459101490553132
749,0,3,0,0,0,1,0,0,1,3.367295829986474,1.9459101490553132
750,0,3,0,0,0,0,1,0,1,3.6375861597263857,1.9459101490553132
751,0,3,0,0,0,0,1,0,1,3.4657359027997265,2.0794415416798357
752,0,3,0,0,0,0,1,0,1,3.5263605246161616,2.0794415416798357
753,0,3,1,1,0,0,1,1,0,3.332204510175204,2.6390573296152584
754,0,3,1,1,0,0,1,0,1,2.8903717578961645,2.995732273553991
755,0,3,0,0,0,0,1,0,1,3.4011973816621555,1.9459101490553132
756,0,3,0,0,0,1,0,0,1,3.58351893845611,1.9459101490553132
757,1,3,0,0,0,0,1,0,1,3.4657359027997265,2.0794415416798357
758,1,3,1,0,0,0,1,1,0,3.367295829986474,2.772588722239781
759,0,3,0,0,0,0,1,0,1,2.833213344056216,1.9459101490553132
760,0,3,0,0,0,0,1,0,1,3.044522437723423,2.0794415416798357
761,0,3,2,2,0,0,1,1,0,3.044522437723423,3.5263605246161616
762,0,3,1,0,0,0,1,0,1,3.2188758248682006,1.9459101490553132
763,1,3,0,0,0,0,1,0,1,3.4339872044851463,2.0794415416798357
764,1,3,2,1,1,0,0,1,0,1.6094379124341003,2.9444389791664403
765,0,3,1,0,0,0,1,0,1,3.295836866004329,2.9444389791664403
766,0,3,0,0,0,0,1,0,1,3.4657359027997265,2.0794415416798357
767,1,3,0,0,1,0,0,0,1,3.367295829986474,1.9459101490553132
768,0,3,0,0,0,1,0,0,1,3.58351893845611,1.9459101490553132
769,0,3,0,0,0,0,1,0,1,2.995732273553991,2.1972245773362196
770,0,3,0,0,1,0,0,0,1,3.295836866004329,2.6390573296152584
771,0,3,0,0,0,0,1,0,1,3.091042453358316,2.70805020110221
772,0,3,0,0,0,0,1,0,1,3.1780538303479458,1.9459101490553132
773,0,3,0,0,0,0,1,0,1,3.091042453358316,2.6390573296152584
774,0,3,4,2,0,0,1,1,0,2.1972245773362196,3.4339872044851463
775,0,3,4,2,0,0,1,1,0,2.3978952727983707,3.4339872044851463
776,0,3,1,1,0,0,1,0,1,3.4965075614664802,2.995732273553991
777,0,3,0,0,0,1,0,0,1,3.58351893845611,1.9459101490553132
778,1,3,0,0,1,0,0,0,1,3.091042453358316,1.9459101490553132
779,1,3,0,0,0,0,1,1,0,3.091042453358316,1.9459101490553132
780,0,3,0,0,0,0,1,1,0,3.4011973816621555,2.0794415416798357
781,1,3,1,0,0,0,1,1,0,3.58351893845611,2.833213344056216
782,0,3,0,0,0,0,1,0,1,3.6888794541139363,1.9459101490553132
783,0,3,0,0,0,0,1,0,1,3.4657359027997265,2.0794415416798357
784,0,3,0,0,0,0,1,1,0,3.1354942159291497,2.0794415416798357
785,0,3,2,0,0,0,1,0,1,3.1780538303479458,3.1780538303479458
786,0,3,0,0,0,0,1,0,1,2.9444389791664403,1.9459101490553132
787,0,3,0,4,0,0,1,1,0,3.367295829986474,3.044522437723423
788,0,3,0,0,1,0,0,0,1,3.1780538303479458,1.9459101490553132
789,0,3,0,0,0,1,0,0,1,3.58351893845611,1.9459101490553132
790,0,3,0,0,0,0,1,0,1,3.367295829986474,1.9459101490553132
791,1,3,0,2,1,0,0,1,0,2.70805020110221,3.091042453358316
792,0,3,0,0,1,0,0,0,1,3.1780538303479458,1.9459101490553132
793,0,3,0,0,0,0,1,0,1,2.833213344056216,2.0794415416798357
794,0,3,0,0,0,1,0,1,0,3.044522437723423,1.9459101490553132
795,0,3,0,0,0,1,0,1,0,3.044522437723423,1.9459101490553132
796,0,3,0,0,0,0,1,1,0,3.6109179126442243,2.1972245773362196
797,0,3,0,0,0,0,1,0,1,3.332204510175204,3.091042453358316
798,1,3,0,0,0,0,1,0,1,3.258096538021482,4.02535169073515
799,1,3,0,0,0,1,0,0,1,3.367295829986474,1.9459101490553132
800,0,3,1,1,1,0,0,0,1,2.833213344056216,1.9459101490553132
801,0,3,0,0,0,0,1,0,1,3.4657359027997265,2.0794415416798357
802,0,3,0,0,0,1,0,0,1,3.6375861597263857,3.1780538303479458
803,0,3,0,0,0,0,1,0,1,3.4657359027997265,1.9459101490553132
804,0,3,0,0,0,0,1,0,1,3.091042453358316,1.9459101490553132
805,0,3,0,0,1,0,0,0,1,3.4657359027997265,1.9459101490553132
806,0,3,0,0,1,0,0,0,1,3.1780538303479458,1.9459101490553132
807,0,3,0,0,0,1,0,0,1,3.6888794541139363,1.9459101490553132
808,0,3,0,0,0,0,1,0,1,3.6635616461296463,1.9459101490553132
809,0,3,0,0,0,0,1,0,1,3.1780538303479458,1.9459101490553132
810,0,3,0,0,0,1,0,0,1,3.044522437723423,1.9459101490553132
811,0,3,0,0,1,0,0,0,1,3.258096538021482,1.9459101490553132
812,0,3,0,2,0,0,1,1,0,2.302585092994046,3.1780538303479458
813,0,3,0,0,0,0,1,0,1,3.332204510175204,1.9459101490553132
814,1,3,0,0,0,0,1,1,0,3.258096538021482,1.9459101490553132
815,0,3,0,0,0,0,1,0,1,3.091042453358316,1.9459101490553132
816,0,3,0,0,0,0,1,0,1,3.295836866004329,1.9459101490553132
817,0,3,8,2,0,0,1,0,1,2.1972245773362196,4.23410650459726
818,0,3,0,0,0,0,1,0,1,4.110873864173311,1.791759469228055
819,1,3,1,1,0,0,1,1,0,3.4339872044851463,2.995732273553991
820,0,3,0,0,0,0,1,0,1,3.4657359027997265,2.0794415416798357
821,1,3,2,0,0,1,0,1,0,3.091042453358316,3.1354942159291497
822,0,3,0,0,0,0,1,0,1,3.295836866004329,1.9459101490553132
823,1,3,0,0,0,0,1,0,1,3.8066624897703196,2.0794415416798357
824,1,3,1,0,0,0,1,1,0,3.367295829986474,2.772588722239781
825,1,3,1,1,0,0,1,0,1,1.0986122886681098,2.70805020110221
826,0,3,0,0,0,0,1,0,1,3.7376696182833684,2.0794415416798357
827,0,3,0,0,0,0,1,0,1,3.1354942159291497,2.1972245773362196
828,0,3,1,1,1,0,0,0,1,2.70805020110221,1.9459101490553132
829,0,3,2,0,0,0,1,0,1,2.772588722239781,2.8903717578961645
830,0,3,1,0,0,0,1,0,1,3.2188758248682006,2.833213344056216
831,0,3,0,0,0,0,1,0,1,2.9444389791664403,0.0
832,1,3,0,0,0,1,0,1,0,3.091042453358316,1.9459101490553132
833,1,3,0,0,0,0,1,0,1,3.2188758248682006,0.0
834,1,3,0,0,0,1,0,1,0,3.091042453358316,1.9459101490553132
835,0,3,0,0,0,0,1,1,0,3.8066624897703196,1.9459101490553132
836,0,3,4,1,0,1,0,0,1,1.9459101490553132,3.367295829986474
837,1,3,1,1,0,0,1,1,0,3.5553480614894135,2.995732273553991
838,0,3,0,0,0,1,0,0,1,4.174387269895637,1.9459101490553132
839,0,3,0,0,0,0,1,0,1,3.332204510175204,1.9459101490553132
840,1,3,2,0,0,1,0,0,1,3.332204510175204,3.1354942159291497
841,0,3,0,0,0,0,1,0,1,2.772588722239781,2.1972245773362196
842,0,3,0,0,1,0,0,0,1,3.4965075614664802,2.0794415416798357
843,1,3,0,0,0,0,1,0,1,3.4011973816621555,2.1972245773362196
844,0,3,0,0,0,0,1,0,1,3.091042453358316,1.9459101490553132
845,1,3,0,0,0,1,0,1,0,3.091042453358316,1.9459101490553132
846,0,3,0,0,0,0,1,1,0,3.1780538303479458,2.0794415416798357
847,0,3,0,0,0,0,1,0,1,3.1780538303479458,1.9459101490553132
848,0,3,0,0,1,0,0,0,1,3.1354942159291497,1.9459101490553132
849,1,3,0,0,0,0,1,0,1,2.9444389791664403,2.0794415416798357
850,0,3,4,1,0,0,1,0,1,2.772588722239781,3.6635616461296463
851,0,3,0,0,1,0,0,0,1,3.4339872044851463,1.9459101490553132
852,1,3,0,0,0,1,0,1,0,2.995732273553991,1.9459101490553132
853,0,3,2,0,0,0,1,0,1,3.332204510175204,1.9459101490553132
854,1,3,0,2,0,0,1,1,0,3.1780538303479458,2.772588722239781
855,0,3,0,0,0,0,1,0,1,3.091042453358316,1.9459101490553132
856,0,3,0,0,0,0,1,1,0,3.4339872044851463,1.9459101490553132
857,1,3,0,0,0,0,1,0,1,3.6635616461296463,1.9459101490553132
858,0,3,0,0,0,0,1,0,1,3.258096538021482,2.0794415416798357
859,0,3,1,0,0,0,1,1,0,3.044522437723423,2.1972245773362196
860,1,3,0,0,0,0,1,0,1,3.044522437723423,1.9459101490553132
861,0,3,1,0,0,0,1,0,1,3.332204510175204,2.70805020110221
862,0,3,0,0,0,0,1,0,1,3.9318256327243257,1.9459101490553132
863,0,3,0,0,0,0,1,0,1,3.044522437723423,1.9459101490553132
864,0,3,3,1,0,0,1,1,0,2.1972245773362196,3.2188758248682006
865,0,3,0,0,0,0,1,0,1,3.295836866004329,1.9459101490553132
866,0,3,0,0,0,1,0,0,1,3.4339872044851463,1.791759469228055
867,1,3,0,0,0,0,1,0,1,3.784189633918261,1.9459101490553132
868,0,3,0,0,0,0,1,1,0,3.1780538303479458,2.0794415416798357
869,0,3,0,0,0,0,1,1,0,2.995732273553991,2.0794415416798357
870,0,3,0,0,0,0,1,0,1,3.332204510175204,2.1972245773362196
871,0,3,0,0,0,1,0,0,1,3.367295829986474,1.9459101490553132
872,0,3,0,0,0,0,1,0,1,3.367295829986474,1.9459101490553132
873,1,3,0,0,0,1,0,1,0,2.995732273553991,1.9459101490553132
874,0,3,1,4,0,0,1,0,1,3.6888794541139363,3.295836866004329
875,0,3,0,1,1,0,0,1,0,3.8066624897703196,2.6390573296152584
876,0,3,0,0,0,0,1,0,1,3.5553480614894135,1.9459101490553132
877,0,3,1,0,0,1,0,0,1,3.4011973816621555,2.70805020110221
878,0,3,0,0,0,0,1,0,1,3.4011973816621555,1.9459101490553132
879,1,3,0,0,1,0,0,1,0,2.772588722239781,1.9459101490553132
880,0,3,5,2,0,0,1,0,1,0.0,3.828641396489095
881,1,3,0,0,0,1,0,1,0,3.091042453358316,1.9459101490553132
882,0,3,0,0,0,0,1,0,1,2.9444389791664403,2.0794415416798357
883,0,3,3,1,0,0,1,1,0,1.0986122886681098,3.044522437723423
884,1,3,0,0,0,0,1,1,0,3.091042453358316,1.9459101490553132
885,0,3,0,0,1,0,0,0,1,2.995732273553991,1.3862943611198906
886,0,3,0,0,0,0,1,0,1,2.9444389791664403,1.9459101490553132
887,1,3,0,2,1,0,0,1,0,0.0,2.70805020110221
888,0,3,0,0,0,0,1,0,1,3.4657359027997265,1.9459101490553132
889,0,3,1,0,0,0,1,0,1,2.8903717578961645,1.791759469228055
890,0,3,0,0,0,1,0,0,1,3.4657359027997265,1.9459101490553132
